{"A": {"precision": [], "recall": []}, "B": {"precision": [0.0, 0.1, 0.0, 0.2], "recall": [0.0, 0.02564102564102564, 0.0, 0.05714285714285714]}, "C": {"precision": [0.0, 0.0, 0.4, 0.2, 0.1, 0.1, 0.0, 0.2, 0.4, 0.3, 0.3, 0.3, 0.0, 0.0, 0.0], "recall": [0.0, 0.0, 0.06557377049180328, 0.041666666666666664, 0.02127659574468085, 0.016129032258064516, 0.0, 0.030303030303030304, 0.047619047619047616, 0.08108108108108109, 0.05172413793103448, 0.04054054054054054, 0.0, 0.0, 0.0]}, "D": {"precision": [0.2, 0.2, 0.0, 0.3, 0.1, 0.3, 0.2, 0.2], "recall": [0.02127659574468085, 0.02564102564102564, 0.0, 0.03614457831325301, 0.010416666666666666, 0.03225806451612903, 0.02247191011235955, 0.020618556701030927]}, "E": {"precision": [0.0, 0.3], "recall": [0.0, 0.023076923076923078]}, "F": {"precision": [0.6, 0.3], "recall": [0.028169014084507043, 0.014492753623188406]}}